id,artist,album,music,Lyric
<built-in function id>,周杰伦,Jay 同名专辑,反方向的钟,"作曲 : 周杰伦
 作词 : 方文山

迷迷蒙蒙 你给的梦
出现裂缝 隐隐作痛
怎么沟通 你都没空
说我不懂 说了没用
他的笑容 有何不同
在你心中 我不再受宠
我的天空 是雨是风
还是彩虹 你在操纵
恨自己真的没用
情绪激动
一颗心到现在还在抽痛
还为分手前那句抱歉
在感动
穿梭时间的画面的钟
从反方向开始移动
回到当初爱你的时空
停格内容不忠
所有回忆对着我进攻
我的伤口被你拆封
誓言太沉重泪被纵容
脸上汹涌失控
城市霓虹 不安跳动
染红夜空
过去种种 象一场梦
不敢去碰 一想就痛
心碎内容 每一秒钟
都有不同 你不懂
连一句珍重 也有苦衷
也不想送
寒风中 废墟烟囱
停止转动 一切落空
在人海中 盲目跟从
别人的梦 全面放纵
恨没有用 疗伤止痛
不再感动 没有梦
痛不知轻重 泪水鲜红
全面放纵
恨自己真的没用 情绪激动"
<built-in function id>,周杰伦,范特西,安静,"只剩下钢琴陪我弹了一天
 睡着的大提琴 安静的旧旧的
 我想你已表现的非常明白
 我懂我也知道 你没有舍不得
 你说你也会难过我不相信
 牵着你陪着我 也只是曾经
 希望他是真的比我还要爱你
 我才会逼自己离开
 你要我说多难堪 我根本不想分开
 为什么还要我用微笑来带过
 我没有这种天份 包容你也接受他
 不用担心的太多 我会一直好好过
 你已经远远离开 我也会慢慢走开
 为什么我连分开都迁就着你
 我真的没有天份 安静的没这么快
 我会学着放弃你 是因为我太爱你
 只剩下钢琴陪我弹了一天
 睡着的大提琴 安静的旧旧的
 我想你已表现的非常明白
 我懂我也知道 你没有舍不得
 你说你也会难过我不相信
 牵着你陪着我 也只是曾经
 希望他是真的比我还要爱你
 我才会逼自己离开
 你要我说多难堪 我根本不想分开
 为什么还要我用微笑来带过
 我没有这种天份 包容你也接受他
 不用担心的太多 我会一直好好过
 你已经远远离开 我也会慢慢走开
 为什么我连分开都迁就着你
 我真的没有天份 安静的没这么快
 我会学着放弃你 是因为我太爱你
 你要我说多难堪 我根本不想分开
 为什么还要我用微笑来带过
 我没有这种天份 包容你也接受他
 不用担心的太多 我会一直好好过
 你已经远远离开 我也会慢慢走开
 为什么我连分开都迁就着你
 我真的没有天份 安静的没这么快
 我会学着放弃你 是因为我太爱你"
<built-in function id>,周杰伦,Fantasy Show香港演唱会,龙卷风(live版),"爱像一阵风 吹完它就走 这样的节奏
谁都无可奈何 没有你以后 我灵魂失控
黑云在降落 我被它拖着走
静静悄悄默默离开 陷入了危险边缘
Baby~ 我的世界已狂风暴雨
Wu~ 爱情来的太快就像龙卷风
离不开暴风圈来不及逃
我不能再想 我不能再想
我不 我不 我不能
爱情走的太快就像龙卷风
不能承受我已无处可躲 我不要再想
我不要再想 我不 我不 我不要再想你
静静悄悄默默离开 陷入了危险边缘
Baby~ 我的世界已狂风暴雨
不知不觉 你已经离开我
不知不觉 我跟了这节奏
后知后觉 又过了一个秋
后知后觉 我该好好生活
Wu~~~~~~~~~~！"
<built-in function id>,周杰伦,Fantasy Plus,世界末日,"作曲 : 周杰伦
 作词 : 周杰伦
想笑来伪装掉下的眼泪
点点头承认自己会怕黑
我只求能借一点的时间来陪
你却连同情都不给
想哭来试探自己麻痹了没
全世界好像只有我疲惫
无所谓反正难过就敷衍走一回
但愿绝望和无奈远走高飞
天灰灰会不会
让我忘了你是谁
夜越黑梦违背
难追难回味
我的世界将被摧毁
也许事与愿违
累不累睡不睡
单影无人相依偎
夜越黑梦违背
有谁肯安慰
我的世界将被摧毁
也许颓废也是另一种美

想哭来试探自己麻痹了没
全世界好像只有我疲惫
无所谓反正难过就敷衍走一回
但愿绝望和无奈远走高飞
天灰灰会不会
让我忘了你是谁
夜越黑梦违背
难追难回味
我的世界将被摧毁
也许事与愿违
累不累睡不睡
单影无人相依偎
夜越黑梦违背
有谁肯安慰
我的世界将被摧毁
也许颓废也是另一种美"
<built-in function id>,周杰伦,Partners 拍档,反方向的钟,"迷迷蒙蒙 你给的梦
出现裂缝 隐隐作痛
怎么沟通 你都没空
说我不懂 说了没用
他的笑容 有何不同
在你心中 我不再受宠
我的天空 是雨是风
还是彩虹 你在操纵

恨自己真的没用 情绪激动
一颗心到现在还在抽痛
还为分手前那句抱歉 在感动

穿梭时间的画面的钟
从反方向开始移动
回到当初爱你的时空
停格内容不忠

所有回忆对着我进攻
我的伤口被你拆封
誓言太沉重泪被纵容
脸上汹涌失控

城市霓虹 不安跳动 染红夜空
过去种种 象一场梦
不敢去碰 一想就痛
心碎内容 每一秒钟
都有不同 你不懂
连一句珍重 也有苦衷 也不想送

寒风中 废墟烟囱
停止转动 一切落空
在人海中 盲目跟从
别人的梦 全面放纵
恨没有用 疗伤止痛
不再感动 没有梦
痛不知轻重 泪水鲜红 全面放纵

恨自己真的没用 情绪激动
一颗心到现在还在抽痛
还为分手前那句抱歉 在感动

穿梭时间的画面的钟
从反方向开始移动
回到当初爱你的时空
停格内容不忠

所有回忆对着我进攻
我的伤口被你拆封
誓言太沉重泪被纵容
脸上汹涌失控

穿梭时间的画面的钟
从反方向开始移动
回到当初爱你的时空
停格内容不忠

所有回忆对着我进攻......"
<built-in function id>,周杰伦,八度空间,最后的战役,"录音师：金少刚
 作曲 : 周杰伦
 作词 : 方文山
编曲：钟兴民
制作人：周杰伦
合声编写：周杰伦
合声：周杰伦
过带：钟兴国(白金录音室)
录音工程：杨瑞代(J&A)
混音工程：杨大纬(丽风录音室)
混音助理：刘勇志
弦乐1st violin：李沛/曾诚/陈允/吴阳
2nd violin：杨莹/简蓓/刘玉琪
Viola：曹飞/张安详/毛新光
Cello：黄远泽/郭筱
弦乐编写：钟兴民
录音室：北京(The Theater Studio)
机枪扫射声中
我们寻找遮蔽的战壕
儿时沙雕的城堡毁坏了
重新盖就好
可是你那件染血
布满弹孔的军外套
却就连祷告手都举不好

在硝烟中想起
冰棒汽水的味道
和那些无所事事
一整个夏天的年少
我放下枪回忆去年
一起毕业的学校
而眼泪一直都忘记要掉

嘲笑的声音在风中
不断被练习
连树林间充满了敌意

部队弃守阵地你坚持要
我也离去
我怎么能放弃

我留着陪你
强忍着泪滴
有些事真的
来不及回不去
你脸在抽搐
就快没力气
家乡事不准我再提

我留着陪你
最后的距离
是你的侧脸
倒在我的怀里
你慢慢睡去
我摇不醒你
泪水在战壕里决了堤

在硝烟中想起
冰棒汽水的味道
和那些无所事事
一整个夏天的年少
我放下枪回忆去年
一起毕业的学校
而眼泪一直都忘记要掉

嘲笑的声音在风中
不断被练习
连树林间充满了敌意
部队弃守阵地你坚持要
我也离去
我怎么能放弃

我留着陪你
强忍着泪滴
有些事真的
来不及回不去
你脸在抽搐
就快没力气
家乡事不准我再提

我留着陪你
最后的距离
是你的侧脸
倒在我的怀里
你慢慢睡去
我摇不醒你
泪水在战壕里决了堤"
<built-in function id>,周杰伦,The One 演唱会,开不了口(Live),"才离开没多久就开始
担心今天的你
过得好不好
整个画面是你
想你想的睡不著

嘴嘟嘟那可爱的模样
还有在你身上
香香的味道
我的快乐是你
想你想的都会笑

没有你在 我有多难熬
(没有你在我有多难熬多烦恼)
没有你烦 我有多烦恼
(没有你烦我有多烦恼多难熬)
穿过云层
我试著努力向你奔跑
爱才送到
你却已在别人怀抱

就是开不了口让她知道
就是那么简单几句
我办不到
整颗心悬在半空
我只能够远远看著
这些我都做得到
但那个人已经不是我

就是开不了口让她知道
就是那么简单几句
我办不到
整颗心悬在半空
我只能够远远看著
这些我都做得到
但那个人已经不是我


没有你在 我有多难熬
(没有你在我有多难熬多烦恼)
没有你烦 我有多烦恼
(没有你烦我有多烦恼多难熬)
穿过云层
我试著努力向你奔跑
爱才送到
你却已在别人怀抱

就是开不了口让她知道
就是那么简单几句
我办不到
整颗心...有多重要
我后悔没让你知道
安静的听你撒娇
看你睡著一直到老

就是开不了口让她知道
就是那么简单几句
我办不到
整颗心悬在半空
我只能够远远看著
这些我都做得到
但那个人已经不是我


我就是开不了口
我只能够看著你
在别人怀抱


就是开不了口让她知道
我一定会呵护著你
也逗你笑
你对我有多重要
我后悔没让你知道
安静的听你撒娇
看你睡著一直到老

就是开不了口让她知道
就是那么简单几句
我办不到
整颗心悬在半空
我只能够远远看著
这些我都做得到
但那个人已经不是我

我一定会呵护著你
也逗你笑
你对我有多重要
我后悔没让你知道
安静的听你撒娇
看你睡著一直到老

就是开不了口让她知道
就是那么简单几句
我办不到
整颗心悬在半空
我只能够远远看著
这些我都做得到
但那个人已经不是我"
<built-in function id>,周杰伦,叶惠美,双刀,"作曲 : 周杰伦
 作词 : 方文山
编曲：钟兴民
制作人：周杰伦
合声编写：周杰伦
合声：周杰伦
吉他：蔡科俊Again
Scratch：郭正男、江尚谕
录音工程：杨瑞代
混音工程：杨大纬(杨大纬录音工作室)
混音助理：刘勇志

透过镜头重新接剪历史
给人的想像
八厘米纪录片的桥段
隔着距离欣赏
正邪对立的两方我握紧拳头
开始习惯
以牙还牙的手段
风盘旋烟雾弥漫
我虔诚点的香
在祈祷着平安
从天台向下俯瞰
暴力在原地打转
上一代解决的答案
是微笑不抵抗
被雨淋湿的唐装
那股叹息很东方
我看不惯尊严
受伤家族如此不堪
风
缓缓绕过武馆
正上方的月亮
那颜色中国黄
透过透过镜头重新接剪
历史给人的想像
八厘米纪录片的桥段在播放
隔着距离欣赏
正邪对立的两方
我握紧拳头开始习惯
那以牙还牙的手段
恐惧来自退让
从天台向下俯瞰
暴力在原地打转
上一代解决的答案
是微笑不抵抗
被雨淋湿的唐装
那股叹息很东方
我看不惯尊严
受伤家族如此不堪
从天台向下俯瞰
暴力在原地打转
上一代解决的答案
是微笑不抵抗
被雨淋湿的唐装
那股叹息很东方
我看不惯尊严
受伤家族如此不堪
双刀的正前方
我杀气不转弯
背对我的力量
它自己却受伤
双刀的右下方
我挥刀去了断
将恩怨全看穿
丹凤眼的目光
双刀的正前方
我杀气不转弯
背对我的力量
它自己却受伤
双刀的右下方
我挥刀去了断
将恩怨全看穿
丹凤眼的目光"
<built-in function id>,周杰伦,寻找周杰伦,断了的弦(伴奏),"断了的弦 再怎么连
我的感觉你已听不见
你的转变像断掉的弦
再怎么接 音都不对
你的改变我能够分辨
我沉默 你的话也不多
我们之间少了什么不说
哎唷~微笑后表情终于有点难过 (握着你的手)
问你 确定了再走
我突然释怀的笑
笑声盘旋半山腰
随风在飘摇啊摇
来到你的面前绕
你泪水往下的掉
说会记住我的好
我也弯起了嘴角笑
你的美已经给了谁
追了又追我要不回
我了解离开树的叶
属于地上的世界凋谢
断了的弦再弹一遍
我的世界你不在里面
我的指尖已经弹出茧
还是无法留你在我身边
断了的弦 再怎么连
我的感觉你已听不见
你的转变像断掉的弦
再怎么接 音都不对
你的改变我能够分辨
我沉默 你的话也不多
我们之间少了什么不说
哎唷~微笑后表情终于有点难过 (握着你的手)
问你 确定了再走
我突然释怀的笑
笑声盘旋半山腰
随风在飘摇啊摇
来到你的面前绕
你泪水往下的掉
说会记住我的好
我也弯起了嘴角笑
你的美已经给了谁
追了又追我要不回
我了解离开树的叶
属于地上的世界凋谢
断了的弦再弹一遍
我的世界你不在里面
我的指尖已经弹出茧
还是无法留你在我身边
断了的弦 再怎么连
我的感觉你已听不见
你的转变像断掉的弦
再怎么接 音都不对
你的改变我能够分辨"
<built-in function id>,周杰伦,2004无与伦比演唱会,轨迹(Live),"作曲 : 周杰伦
 作词 : 黄俊郎
 合音:凌伟文 陈柏全 于冠华 陈恒义 王威登
 带来最后一首歌曲:轨迹,谢谢
 怎么隐藏 我的悲伤
 失去你的地方
 你的发香 散得匆忙
 我已经跟不上
 闭上眼睛 还能看见
 你离去的痕迹
 在月光下 一直找寻
 那想念的身影
 如果说分手是苦痛的起点
 那在终点之前我愿意再爱一遍
 想要对你说的不敢说的爱
 会不会有人可以明白
 我会发着呆 然后忘记你
 接着紧紧闭上眼
 想着哪一天 会有人代替
 让我不再想念你
 我会发着呆 然后微微笑
 接着紧紧闭上眼
 又想了一遍 你温柔的脸
 在我忘记之前
 woo
 闭上眼睛 还能看见
 你离去的痕迹
 在月光下 一直找寻
 那想念的身影
 如果说分手是苦痛的起点
 那在终点之前我愿意再爱一遍
 想要对你说的不敢说的爱
 会不会有人可以明白
 我会发着呆 然后忘记你
 接着紧紧闭上眼
 想着哪一天 会有人代替
 让我不再想念你
 我会发着呆 然后忘记你
 接着紧紧闭上眼
 想着哪一天 会有人代替
 让我不再想念你
 我会发着呆 然后微微笑
 接着紧紧闭上眼
 又想了一遍 你温柔的脸
 在我忘记之前
 心里的眼泪 模糊了视线
 我已快看不见 wow
 woo~谢谢 谢谢你们来
 合音:然后忘记你
 合音:接着紧紧闭上眼
 合音:想着哪一天 会有人代替
 合音:让我不再想念你
 合音:我会发着呆 然后微微笑
 合音:接着紧紧闭上眼
 合音:又想了一遍 你温柔的脸
 合音:在我忘记之前"
<built-in function id>,周杰伦,Initial J,一路向北,"作曲 : 周杰伦
 作词 : 方文山
编曲：蔡科俊
后视镜里的世界越来越远的道别
你转身向背侧脸还是很美
我用眼光去追竟听见你的泪

在车窗外面排徊是我错失的机会
你站的方位跟我中间隔着泪
街景一直在后退你的崩溃在窗外零碎

我一路向北离开有你的季节
你说你好累已无法再爱上谁
风在山路吹过往的画面全都是我不对
细数惭愧我伤你几回


后视镜里的世界越来越远的道别
你转身向背侧脸还是很美
我用眼光去追竟听见你的泪

在车窗外面排徊是我错失的机会
你站的方位跟我中间隔着泪
街景一直在后退你的崩溃在窗外零碎

我一路向北离开有你的季节
你说你好累已无法再爱上谁
风在山路吹过往的画面全都是我不对
细数惭愧我伤你几回

我一路向北离开有你的季节
方向盘周围回转着我的后悔
我加速超越却甩不掉紧紧跟随的伤悲
细数惭愧我伤你几回
停止狼狈就让错纯粹"
<built-in function id>,周杰伦,十一月的萧邦,一路向北,"作曲 : 周杰伦
 作词 : 方文山
后视镜里的世界 越来越远的道别
你转身向背 侧脸还是很美
我用眼光去追 竟听见你的泪
在车窗外面徘徊 是我错失的机会
你站的方位 跟我中间隔着泪
街景一直在后退 你的崩溃在窗外零碎
我一路向北 离开有你的季节
你说你好累 已无法再爱上谁
风在山路吹 过往的画面全都是我不对
细数惭愧 我伤你几回
后视镜里的世界 越来越远的道别
你转身向背 侧脸还是很美
我用眼光去追 竟听见你的泪
在车窗外面徘徊 是我错失的机会
你站的方位 跟我中间隔着泪
街景一直在后退 你的崩溃在窗外零碎
我一路向北 离开有你的季节
你说你好累 已无法再爱上谁
风在山路吹 过往的画面全都是我不对
细数惭愧 我伤你几回
我一路向北 离开有你的季节
方向盘周围 回转着我的后悔
我加速超越 却甩不掉紧紧跟随的伤悲
细数惭愧 我伤你几回
停止狼狈 就让错纯粹"
<built-in function id>,周杰伦,大头贴,大头贴,"这首歌
送给我的朋友
詹宇豪
真的有够 衰
不是别人拍到他
哼~~~
自已拍到自已
听下去
前几天从香港回来
听到狗周刊
拍了宇豪跟Lara
场面有点温馨有点甜蜜
有什么不可以
照片不腥煽色,嘴对嘴
年轻人都试过恋爱
怎么不可以嘴对嘴
我说真心话大冒险游戏
游戏就是这样玩
真心话大冒险游戏
还有更夸张更恐怖的
只是你们没有机会看到啊
张杰说他把过8个妹
弹头说他把过9个妹
两个人还可以互相吹吹
只是你们没有机会看到啊
狗儿啊 狗儿啊 真可怜
拍不到照片还要花大钱
如果你没拍到又这么有空
要不要干脆把宣传照通通拿去用
你 真的要放下那身段
你 真的要为艺人着想
你 这是你天生的使命
不适合跟宇豪拚命
就这样牵着你一直走
我不怕别人怎样说我
就这样牵着你一直走
我不怕别人怎样说我
我怎么会被拍到

怎么会被拍到我也不知道

也许是自己拍到

也许是大头贴
永远不怕大头贴
哪儿~ 哪儿~
哪儿~ 哪儿~
哪儿有大头贴
哪儿~ 哪儿~
哪儿~ 哪儿~
哪儿有大头贴"
<built-in function id>,周杰伦,霍元甲EP,献世 (Live) - live,"作曲 : 周杰伦
 作词 : 林夕
编曲：周杰伦
制作人：周杰伦
吉他：蔡科俊Again/李庭匡
贝斯：陈任佑 鼓：陈柏州
键盘：洪筠惠/洪敬尧/蔡朝华
打击乐：李国华
录音工程：柯宗佑
录音工程录音室：杨大纬录音工作室
混音工程：杨大纬
混音工程录音室：杨大纬录音工作室

我没有胆挂念
你没有心见面
试问我可以去边
只要我出现
只怕你不便
亦连累你丢脸
你是我的秘密
我是你的废物
缺席也不算损失
今晚你生日
祝我有今日
地球上快消失
眼泪还是留给天抚慰
你是前度何必听我吠
再不走 有今生 无下世
你是否想我起这个毒誓
宁愿失恋亦不想失礼
难道要对着你力竭声嘶
即使不抵 都要眼闭
我这种身世
有什么资格献世
你是我的秘密
我是你的废物
缺席也不算损失
今晚你生日
祝我有今日
地球上快消失
眼泪还是留给天抚慰
你是前度何必听我吠
再不走 有今生 无下世
你是否想我起这个毒誓
宁愿失恋亦不想失礼
难道要对着你力竭声嘶
即使不抵 都要眼闭
我这种身世
有什么资格献世
即使不抵 都要眼闭
我这种身世
有什么资格献世"
<built-in function id>,周杰伦,依然范特西,菊花台,"作曲 : 周杰伦
 作词 : 方文山
编曲：钟兴民
制作人：周杰伦
吉他：蔡科俊Again
弦乐编写：钟兴民
Programmer：魏百谦
弦乐团：中国爱乐
录音工程：杨瑞代
录音室：ALFA STUDIO
混音工程：杨大纬
混音录音室：杨大纬录音工作室
弦乐录音师：李岳松(北京)/魏百谦(台北)
弦乐录音室：计划生育录音室(北京)/Room19 Studio (台北)
你的泪光
柔弱中带伤
惨白的月弯弯
勾住过往
夜 太漫长
凝结成了霜
是谁在阁楼上冰冷地绝望
雨 轻轻弹
朱红色的窗
我一生在纸上被风吹乱
梦 在远方
化成一缕香
随风飘散
你的模样
菊花残 满地伤
你的笑容已泛黄
花落人断肠
我心事静静淌
北风乱 夜未央
你的影子剪不断
徒留我孤单在湖面成双
花 已向晚
飘落了灿烂
凋谢的世道上
命运不堪
愁 莫渡江
秋心拆两半
怕你上不了岸
一辈子摇晃
谁 的江山
马蹄声狂乱
我一身的戎装
呼啸沧桑
天 微微亮
你轻声地叹
一夜惆怅 如此委婉
菊花残 满地伤
你的笑容已泛黄
花落人断肠
我心事静静淌
北风乱 夜未央
你的影子剪不断
徒留我孤单在湖面成双
菊花残 满地伤
你的笑容已泛黄
花落人断肠
我心事静静淌
北风乱 夜未央
你的影子剪不断
徒留我孤单在湖面成双"
<built-in function id>,周杰伦,黄金甲EP,黄金甲,"作曲 : 周杰伦
 作词 : 方文山
编曲：林迈可
制作人：周杰伦
吉他：林迈可
鼓：林迈可
Tibet Vax Programming：钟兴民
录音师：杨瑞代/林迈可
录音室：ALFA STUDIO/VIP STUDIO
混音师：林迈可
混音录音室：VIP STUDIO
旌旗如虹 山堆叠如峰
这军队蜿蜒如龙 杀气如风
血色如酒红
将军我傲气如冲 神色悍如凶
黄金甲如忠
铁骑剽悍我行如轰 轰
景色 如冬
萧瑟 如枫
攻势 如弓
魂断 犹如梦中
一静一动 如松
千年不变
如空 如空 如空
血染盔甲 我挥泪杀
满城菊花 谁的天下
宫廷之上 狼烟风沙
生死不过 一刀的疤
仇恨绵延如火 愁人眉头如锁
情感漂泊漂泊 漂泊一世如我
今生繁华如昨 兵戎相见如破
千军万马万马
万马奔腾那骨肉相残如错
陈年战事如酒 成败转眼如秋
遍地烽火烽火 烽火回忆如锈
那烽火回忆如锈
吼 吼 吼 吼
那杀戮过重如否
吼 吼 吼 吼
那烽火回忆如锈
吼 吼 吼 吼
皇室血脉如断流
血染盔甲 我挥泪杀
满城菊花 谁的天下
宫廷之上 狼烟风沙
生死不过 一刀的疤
盔甲 我挥泪杀
满城菊花 谁的天下
宫廷之上 狼烟风沙
生死不过 一刀的疤
血染盔甲 我挥泪杀
横刀立马 看谁倒下
爱恨对话 历史留下
谁在乱箭之中潇洒"
<built-in function id>,周杰伦,依然范特西,迷迭香,"作曲 : 周杰伦
 作词 : 方文山
编曲：钟兴民
制作人：周杰伦
合声编写：周杰伦
合声：周杰伦
吉他：蔡科俊Again
弦乐编写：钟兴民
Programmer：魏百谦
弦乐团：中国爱乐
录音工程：杨瑞代
录音室：ALFA STUDIO
混音工程：杨大纬
混音录音室：杨大纬录音工作室
弦乐录音师：李岳松(北京)/魏百谦(台北)
弦乐录音室：计划生育录音室(北京)/Room19 Studio (台北)
你的嘴角
微微上翘
性感的无可救药
想像不到
如此心跳
你的一切都想要
软性的饮料
上升的气泡
我将对你的喜好
一瓶装全喝掉
这里最不缺就是热闹
你煽情给拥抱
烛火在燃烧
有某种情调
眼神失焦了几秒
关于你的舞蹈
你慵懒的扭动着腰
受不了
你随风飘扬的笑
有迷迭香的味道
语带薄荷味的撒娇
对我发出恋爱的讯号
你优雅的像一只猫
动作轻逸的围绕
爱的甜味蔓延发酵
暧昧来的刚好
软性的饮料
上升的气泡
我将对你的喜好
一瓶装全喝掉
这里最不缺就是热闹
你煽情给拥抱
烛火在燃烧
有某种情调
眼神失焦了几秒
关于你的舞蹈
你慵懒的扭动着腰
受不了
你随风飘扬的笑
有迷迭香的味道
语带薄荷味的撒娇
对我发出恋爱的讯号
你优雅的像一只猫
动作轻逸的围绕
爱的甜味蔓延发酵
暧昧来的刚好
你的嘴角微微上翘
性感的无可救药
想象不到如此心跳
你的一切都想要
你的唇膏鲜艳讨好
一股自信的骄傲
什么预兆气氛微妙
因为爱你我知道
预兆气氛微妙
因为爱你我知道"
<built-in function id>,周杰伦,依然范特西,心雨,"作曲 : 周杰伦
 作词 : 方文山
编曲：林迈可
制作人：周杰伦
合声编写：周杰伦
合声：周杰伦
Programmer：林迈可(Michael Lin)
弦乐编写：钟兴民
Programmer：魏百谦
弦乐团：中国爱乐
录音工程：杨瑞代
录音室：ALFA STUDIO/VIP STUDIO
混音工程：林迈可(Michael Lin)
混音录音室：VIP STUDIO
弦乐录音师：李岳松(北京)/魏百谦(台北)
弦乐录音室：计划生育录音室(北京)/Room19 Studio (台北)
橡树的绿叶啊
白色的竹篱笆
好想告诉我的她
这里像幅画
去年的圣诞卡
镜子里的胡渣
画面开始没有她
我还在装傻
说好为我泡花茶
学习摆刀叉
学生宿舍
空荡荡的家
守着电话却
等不到她
心里的雨
倾盆而下
也沾不湿她的发
泪晕开明信片
上的牵挂
那伤心原来
没有时差
心里的雨倾盆而下
却始终淋不到她
寒风经过
院子里的枝桠
也冷却了
我手中的鲜花
橡树的绿叶啊
白色的竹篱笆
好想告诉我的她
这里像幅画
去年的圣诞卡
镜子里的胡渣
画面开始没有她
我还在装傻
说好为我泡花茶
学习摆刀叉
学生宿舍
空荡荡的家
守着电话
却等不到她
心里的雨
倾盆而下
也沾不湿她的发
泪晕开明信片
上的牵挂
那伤心
原来没有时差
心里的雨
倾盆而下
却始终淋不到她
寒风经过
院子里的枝桠
也冷却了
我手中的鲜花
心里的雨
倾盆而下
也沾不湿她的发
泪晕开明信片
上的牵挂
那伤心原来
没有时差
心里的雨
倾盆的下
却始终淋不到她
寒风经过
院子里的枝桠
也冷却了
我手中的鲜花"
<built-in function id>,周杰伦,依然范特西,红模仿,"作曲 : 周杰伦
 作词 : 周杰伦
编曲：林迈可(Michael Lin)
制作人：周杰伦
Nylon吉他：林迈可(Michael Lin)
Programmer：林迈可(Michael Lin)
录音工程：杨瑞代 / 林迈可(Michael Lin)
录音室：ALFA Studio / VIP Studio
混音工程：林迈可(Michael Lin)
混音录音室：VIP Studio

哎呦 吉他谁教你的
哎呦 我生下来就会啊 你不知道啊
哎呦 屁咧

中国风的歌曲 有增无减
是好是坏 问方文山最清楚
从娘子唱到双截棍
东风破到发如雪
一路走来始终如一
多样的曲风 独爱中国风
我坚持风格
我活在我的世界 谁都插不上嘴
唱反调 是我的本性
出奇不意是我的个性
就算我站在山顶
也只不过是个平民老百姓
但我的肩膀 会有两块空地
那就是勇气与毅力
我要做音乐上的皇帝
哼哼哈兮 哼哼哈兮
哼哼哈兮 哼哼哈兮
下坡的路 不费功夫
别人已经帮你铺路
但我选择上坡 因为我取名叫自负
谦虚和那虚伪 就只差一个字
有时有点分不清
因为我喜欢真实的自己
我不能够后退 因为不是绿叶
如果只是点缀 愿当皎洁明月
小草等待风吹 不用靠你的背
假如天会很黑 我会请嫦娥奔月

为什么写这首歌
我现在还找不到动机
不过用心听下去
你会觉得更有意义
如果你对未来产生恐惧
眼前雾饕黄
那是因为你没把眼镜给擦干净
勇敢走下去 这首歌会陪你前进
我常常在想宇宙只有一颗太阳
为什么我的影子这么多 这么像
战胜幻象 和我一样
喜欢模仿的朋友们
崇拜是件好事
欣赏是种美德
但走在我后面 我很担心
别人会看不见你
到最后只是一个接一个的分身
这样的鼓励 是否太直接 太讽刺
老师在讲 到底有没有在听啊
我告诉你 做自己胜于跟太紧
最大的敌人就是那内心的自己
我不能够后退 因为不是绿叶
如果只是点缀 愿当皎洁明月
小草等待风吹 不用靠你的背
假如天会很黑 我会请嫦娥奔月

哎呦哎呦喔 哎呦哎呦喔喔
哎呦 不错
哎呦哎呦喔 哎呦哎呦哎呦喔喔
哎呦 好久不见
哎呦哎呦喔 哎呦哎呦喔喔
哎呦 的意思是
哎呦哎呦喔 哎呦哎呦哎呦喔喔
就是你没话讲的时候可以 哎呦
哎呦哎呦喔 哎呦哎呦喔喔
哎呦哎呦喔 哎呦哎呦喔喔
哎呦哎呦喔 哎呦哎呦哎呦喔喔
哎呦哎呦喔 哎呦哎呦喔嘿
哎呦哎呦喔 哎呦哎呦喔喔
哎呦哎呦喔 哎呦哎呦喔喔
哎呦哎呦喔 哎呦哎呦哎呦喔喔
哎呦哎呦喔 哎呦哎呦喔嘿"
<built-in function id>,周杰伦,依然范特西,退后,"作曲 : 周杰伦
 作词 : 宋健彰(弹头)
编曲：林迈可
制作人：周杰伦
合声编写：周杰伦
合声：周杰伦
吉他：林迈可(Michael Lin)
Programmer：林迈可(Michael Lin)
录音工程：杨瑞代 / 林迈可(Michael Lin)
录音室：ALFA STUDIO / VIP Studio
混音工程：林迈可 (Michael Lin)
混音录音室：VIP Studio

天空灰的像哭过
离开你以后
并没有更自由

酸酸的空气
嗅出我们的距离
一幕锥心的结局
像呼吸般无法停息

抽屉泛黄的日记
榨干了回忆
那笑容是夏季

你我的过去
被顺时针的忘记
缺氧过后的爱情
粗心的眼泪是多余

我知道你我都没有错
只是忘了怎么退后
信誓旦旦给了承诺
全被时间扑了空

我知道我们都没有错
只是放手会比较好过

最美的爱情回忆里待续

天空灰的像哭过
离开你以后
并没有更自由

酸酸的空气
嗅出我们的距离
一幕锥心的结局
像呼吸般无法停息

抽屉泛黄的日记
榨干了回忆
那笑容是夏季

你我的过去
被顺时针的忘记
缺氧过后的爱情
粗心的眼泪是多余

我知道你我都没有错
只是忘了怎么退后
信誓旦旦给了承诺
全被时间扑了空

我知道我们都没有错
只是放手会比较好过

最美的爱情回忆里待续
我知道你我都没有错
只是忘了怎么退后
信誓旦旦给了承诺
全被时间扑了空

我知道我们都没有错
只是放手会比较好过

最美的爱情回忆里待续"
<built-in function id>,周杰伦,依然范特西,千里之外,"作曲 : 周杰伦
 作词 : 方文山
编曲：林迈可
制作人：周杰伦
Programmer：林迈可 (Michael Lin)
录音工程：杨瑞代
录音室：ALFA STUDIO
混音工程：林迈可 (Michael Lin)
混音录音室：ALFA STUDIO

周：屋檐如悬崖

风铃如沧海

我等燕归来

时间被安排

演一场意外

你悄然走开

故事在城外

浓雾散不开

看不清对白

你听不出来

风声不存在

是我在感慨

梦醒来是谁在窗台

把结局打开

那薄如蝉翼的未来经不起谁来拆
费：
我送你离开千里之外你无声黑白

沉默年代或许不该太遥远的相爱

我送你离开天涯之外你是否还在

琴声何来生死难猜用一生去等待
周：
闻泪声入林寻梨花白只得一行青苔
天在山之外雨落花台我两鬓斑白

闻泪声入林寻梨花白只得一行青苔
天在山之外雨落花台我等你来
费：
一身琉璃白透明着尘埃你无瑕的爱

你从雨中来诗化了悲哀我淋湿现在

周：

芙蓉水面采船行影犹在你却不回来

被岁月覆盖你说的花开过去成空白
费：
梦醒来是谁在窗台把结局打开
周：

那薄如蝉翼的未来经不起谁来拆

费：
我送你离开千里之外你无声黑白

沉默年代或许不该太遥远的相爱
周：

我送你离开天涯之外你是否还在

琴声何来生死难猜

用一生
费：

我送你离开千里之外你无声黑白

沉默年代或许不该太遥远的相爱
周：
我送你离开天涯之外你是否还在

琴声何来
费：生死难猜
合：用一生去等待"
<built-in function id>,周杰伦,依然范特西,夜的第七章,"作曲 : 周杰伦
 作词 : 黄俊郎
编曲：钟兴民，林迈可
1983年小巷12月晴朗
夜的第7章
打字机继续推向接近事实的那下一行
石楠烟斗的雾
飘向枯萎的树沉默的对我哭诉
贝克街旁的的圆形广场
盔甲战士臂上
鸢尾花的徽章微亮
无人马车声响深夜的拜访
邪恶在维多利亚的月光下血色的开场
消失的手枪焦黑的手杖
融化的蜡像谁不在场
珠宝箱上符号的假象
矛盾通往他堆砌的死巷
证据被完美埋葬
那嘲弄苏格兰警场的嘴角上扬
如果邪恶是华丽残酷的乐章（那么正义 是深沉无奈的惆怅）
他的终场我会亲手写上（那我就点亮 在灰烬中的微光）
晨曦的光风干最后一行忧伤（那么雨滴 会洗净黑暗的高墙）
黑色的墨染上安祥（散场灯关上 红色的布幕下降）

事实只能穿向没有脚印的土壤
突兀的细微花香刻意显眼的服装
每个人为不同的理由戴着面具说谎
动机也只有一种名字那叫做欲望
far  farther  farther  far  far
the  father  father  far  far
越过人性的沼泽谁真的可以不被弄脏
我们可以遗忘原谅但必须
知道真相被移动
过的铁床那最后一块图终于拼上
我听见脚步声预料的软皮鞋跟
他推开门晚风晃了煤油灯一阵
打字机停在凶手的名称我转身
西敏寺的夜空开始沸腾
在胸口绽放艳丽的死亡
我品尝这最后一口甜美的真相
微笑回想正义只是安静的伸张
提琴在泰晤士
如果邪恶（我听见脚步声 预料的软皮鞋跟）
是华丽残酷的乐章（他推开门晚风晃了煤油灯一阵）
他的终场我会亲手写上（打字机停在凶手的名称我转身）
（西敏寺的夜空开始沸腾）
黑色的墨染上安祥
如果邪恶是华丽残酷的乐章
他的终场我会亲手写上
晨曦的光风干最后一行忧伤
黑色的墨染上安祥"
<built-in function id>,周杰伦,霍元甲EP,霍元甲,"作曲 : 周杰伦
 作词 : 方文山
编曲：洪敬尧
制作人：周杰伦
吉他：蔡科俊Again
合声编写：周杰伦 合声：周杰伦/陈耿辉
录音工程：杨瑞代/柯宗佑
录音工程录音室：ALFA STUDIO/杨大纬录音工作室
混音工程：杨大纬
混音工程录音室：杨大纬录音工作室
喝 命有几回合擂台等着
生死状赢了什么冷笑着
天下谁的第一又如何
止干戈我辈尚武德
我的拳脚了得
却奈何徒增虚名一个
江湖难测谁是强者
谁争一统武林的资格
小城里岁月流过去
清澈地涌起
洗涤过的回忆
我记得你
骄傲地活下去
霍霍 霍霍 霍霍霍霍
霍家拳的套路招式灵活
活活 活活 活活活活
活着生命就该完整地过
过过 过过 过过过过
过错软弱从来不属于我
我我 我我 我我我我
我们精武出手无人能躲
喝 命有几回合擂台等着
生死状赢了什么冷笑着
天下谁的第一又如何
止干戈我辈尚武德
我的拳脚了得
却奈何徒增虚名一个
江湖难测谁是强者
谁争一统武林的资格
小城里岁月流过去
清澈地涌起
洗涤过的回忆
我记得你
骄傲地活下去
霍霍 霍霍 霍霍霍霍
霍家拳的套路招式灵活
活活 活活 活活活活
活着生命就该完整地过
过过 过过 过过过过
过错软弱从来不属于我
我我 我我 我我我我
我们精武出手无人能躲
霍霍 霍霍 霍霍霍霍
霍家拳的套路招式灵活
活活 活活 活活活活
活着生命就该完整地过
过过 过过 过过过过
过错软弱从来不属于我
我我 我我 我我我我
我们精武出手无人能躲
霍霍 霍霍 霍霍霍霍
霍家拳的套路招式灵活
活活 活活 活活活活
活着生命就该完整地过
过过 过过 过过过过
过错软弱从来不属于我
我我 我我 我我我我
我们精武出手无人能躲"
<built-in function id>,周杰伦,十一月的萧邦,飘移,"作曲 : 周杰伦
 作词 : 方文山
哈哈哈哈 哈哈哈哈
这台车帅吧 这边这台车
超 旁边那台什麽车阿
藤原豆腐 这车擦这麽亮干麻
我来问他一下好了
小夥子你那什麽车阿
AE86阿 怎样?
AE86? 挑一下阿
随便阿

找支笔 写下日记 记录勇气
我可以 对着墙壁 让拳头叛逆
呼吸 天窗玻璃 打开我的身体
这里 引擎声就像是一种乐器
所以 风呼啸而过刺激
所以 我在转弯飘移
加足了马力 飙到底 看仔细
零到一百公里 谁敢与我为敌
我用第一人称 在飘移青春
输跟赢的分寸 计算的很精准
我踏上风火轮 在飘移青春
故事中的我们 在演自己的人生

胜败的对比 是残酷的可以
运气 从来就不在我这里
实力没办法模拟 飘移
人车一体 飘移
笑看后视镜的自己 啊
点火 继续 事关 荣誉
我除了 第一 其它没有 兴趣
得飘 得飘 得咿的飘
我安静的喝饮料 轻松的笑
我用第一人称 在飘移青春
输跟赢的分寸 计算的很精准
我踏上风火轮 在飘移青春
故事中的我们 在演自己的人生
得飘 得飘 得咿的飘
得飘 得飘 得咿的飘
我绕过山腰 雨声敲敲
我绕过山腰 雨声敲敲
得飘 得飘 得咿的飘
得飘 得飘 得咿的飘
再开进隧道 风声潇潇
再开进隧道 风声潇潇
我用第一人称 在飘移青春
输跟赢的分寸 计算的很精准
我踏上风火轮 在飘移青春
故事中的我们 在演自己的人生"
<built-in function id>,周杰伦,十一月的萧邦,珊瑚海,"作曲 : 周杰伦
 作词 : 方文山
海平面远方开始阴霾
悲伤要怎么平静纯白
我的脸上 始终挟带
一抹浅浅的无奈
你用唇语说你要离开
心不在
那难过无声慢了下来
汹涌潮水 你听明白
不是浪而是泪海
转身离开 分手说不出来（你有话说不出来）
海鸟跟鱼相爱
只是一场意外
我们的爱（给的爱）
差异一直存在 （回不来）
风中尘埃 （等待）
竟累积成伤害
转身离开 分手说不出来
蔚蓝的珊瑚海
错过瞬间苍白
当初彼此（你我都）
不够成熟坦白 （不应该）
热情不再 （你的）
笑容勉强不来
爱深埋珊瑚海

毁坏的沙雕如何重来
有裂痕的爱怎么重盖
只是一切 结束太快
你说你无法释怀
贝壳里隐藏什么期待
等花儿开
我们也已经无心再猜
面向海风 咸咸的爱
尝不出还有未来
转身离开 分手说不出来（你有话说不出来）
海鸟跟鱼相爱
只是一场意外
我们的爱（给的爱）
差异一直存在 （回不来）
风中尘埃 （等待）
竟累积成伤害
转身离开 分手说不出来
蔚蓝的珊瑚海
错过瞬间苍白
当初彼此（你我都）
不够成熟坦白 （不应该）
热情不再 （你的）
笑容勉强不来
爱深埋珊瑚海"
<built-in function id>,周杰伦,依然范特西,听妈妈的话,"小朋友你是否有很多问号
为什么 别人在那看漫画 我却在学画画 对着钢琴说话
别人在玩游戏 我却靠在墙壁背我的ABC
我说我要一个大大的飞机 但却得到一台旧旧录音机
为什么要听妈妈的话 长大后你就会开始懂了这段话
长大后我开始明白
为什么我跑得比别人快 飞得比别人高
将来大家看的都是我画的漫画 大家唱的都是我写的歌
妈妈的辛苦不让你看见 温暖的食谱在她心里面
有空就多多握握她的手 把手牵着一起梦游
听妈妈的话 别让她受伤 想快快长大 才能保护她
美丽的白发 幸福中发芽 天使的魔法 温暖中慈祥
在你的未来 音乐是你的王牌 拿王牌谈个恋爱
唉!我不想把你教坏 还是听妈妈的话吧 晚点再恋爱吧
我知道你未来的路 但妈比我更清楚
你会开始学其他同学在书包写东写西
但我建议最好写妈妈我会用功读书
用功读书 怎么会从我嘴巴说出
不想你输 所以要叫你用功读书
妈妈织给你的毛衣 你要好好的收着
因为母亲节到时 我要告诉她我还留着
对了 我会遇到周润发
所以你可以跟同学炫耀赌神未来是你爸爸
我找不到童年写的情书 你写完不要送人
因为过两天你会在操场上捡到
你会开始喜欢上流行歌 因为张学友开始准备唱吻别
听妈妈的话 别让她受伤 想快快长大 才能保护她
美丽的白发 幸福中发芽 天使的魔法 温暖中慈祥
听妈妈的话 别让她受伤 想快快长大 才能保护她
长大后我开始明白
为什么我跑得比别人快 飞得比别人高
将来大家看的都是我画的漫画 大家唱的都是我写的歌
妈妈的辛苦不让你看见 温暖的食谱在她心里面
有空就多多握握她的手 把手牵着一起梦游
听妈妈的话 别让她受伤 想快快长大 才能保护她
美丽的白发 幸福中发芽 天使的魔法 温暖中慈祥"
<built-in function id>,周杰伦,十一月的萧邦,浪漫手机,"作曲 : 周杰伦
 作词 : 方文山
轻轻放 我就是卸不下对你的喜欢
原来爱会慢慢增加重量
想关上这城市所有的灯光
黑暗中专心闻你的发香
这夜晚 让暗恋很有画面感 回想
与你约会过的地方 都舍不得删
在脑海里储存欣赏
你微笑浏览 手机里的浪漫
原来真心送出爱是这么简单
温习银幕上 你可爱的模样
关于缘份的解释我又多传了一行
你微笑浏览 手机里的浪漫
原来爱情可以来的这么突然
短信的桥梁 将暧昧期拉长
我们的感情蔓延滋长用文字培养
在虚拟土壤
电视墙 吵杂的情歌还在拼命播放
我安静在闹区等来电铃响
有一些话打好了却不敢传
怕收到信息的你在为难
街道上 人潮衬托我的孤单 想象
谁幸运的陪在你身旁 却误会一场
你也在等你手机响
你微笑浏览 手机里的浪漫
原来真心送出爱是这么简单
温习银幕上 你可爱的模样
关于缘份的解释我又多传了一行
你微笑浏览 手机里的浪漫
原来爱情可以来的这么突然
短信的桥梁 将暧昧期拉长
我们的感情蔓延滋长用文字培养
在虚拟土壤"
<built-in function id>,周杰伦,十一月的萧邦,枫,"作曲 : 周杰伦
 作词 : 宋健彰
乌云在我们心里刻下一块阴影
我聆听沉寂已久的心情
清晰透明 就像美丽的风景
总在回忆里才看的清
被伤透的心能不能够继续爱我
我用力牵起没温度的双手
过往温柔 已经被时间上锁
只剩挥散不去的难过
缓缓掉落的枫叶像思念
我点燃烛火温暖岁末的秋天
极光掠过天边
北风掠过想你的容颜
我把爱烧成了落叶
却换不回熟悉的那张脸
缓缓掉落的枫叶像思念
为何挽回要赶在冬天来之前
爱你穿越时间
两行来自秋末的眼泪
让爱渗透了地面
我要的只是你在我身边
被伤透的心能不能够继续爱我
我用力牵起没温度的双手
过往温柔 已经被时间上锁
只剩挥散不去的难过
在山腰间飘逸的红雨
随著北风凋零 我轻轻摇曳风铃
想 唤醒被遗弃的爱情
雪花已铺满了地
深怕窗外枫叶已结成冰
缓缓掉落的枫叶像思念
我点燃烛火温暖岁末的秋天
极光掠过天边
北风掠过想你的容颜
我把爱烧成了落叶
却换不回熟悉的那张脸
缓缓掉落的枫叶像思念
为何挽回要赶在冬天来之前
爱你穿越时间
两行来自秋末的眼泪
让爱渗透了地面
我要的只是你在我身边"
<built-in function id>,周杰伦,十一月的萧邦,黑色毛衣,"作曲 : 周杰伦
 作词 : 周杰伦
一件黑色毛衣 两个人的回忆
雨过之后 更难忘记
忘记我还爱你
你不用在意
流泪也只是刚好而已
我早已经待在谷底

我知道不能再留住你
也知道不能没有骨气
感激你 让我拥有秋天的美丽

看着那白色的蜻蜓
在空中忘了前进
还能不能 重新编织
脑海中起毛球的记忆

再说我爱你
可能雨也不会停
黑色毛衣 藏在哪里
就让回忆永远停在 那里

一件黑色毛衣 两个人的回忆
雨过之后 更难忘记
忘记我还爱你
你不用在意
流泪也只是刚好而已
我早已经待在谷底

我知道不能再留住你
也知道不能没有骨气
感激你 让我拥有秋天的美丽

看着那白色的蜻蜓
在空中忘了前进
还能不能 重新编织
脑海中起毛球的记忆

再说我爱你
可能雨也不会停
黑色毛衣 藏在哪里
就让回忆永远停在 那里

看着那白色的蜻蜓
在空中忘了前进
还能不能 重新编织
脑海中起毛球的记忆

再说我爱你
可能雨也不会停
黑色毛衣 藏在哪里
就让回忆永远停在 那里"
<built-in function id>,周杰伦,十一月的萧邦,发如雪,"作曲 : 周杰伦
 作词 : 方文山
编曲：林迈可
制作人：周杰伦
合声编写：周杰伦 合声：周杰伦
录音工程：杨瑞代
录音室：ALFA STUDIO
录音工程：林迈可
混音录音室：VIP STUDIO
狼牙月 伊人憔悴
我举杯 饮尽了风雪
是谁打翻前世柜
惹尘埃是非
缘字诀 几番轮回
你锁眉 哭红颜唤不回
纵然青史已经成灰
我爱不灭
繁华如三千东流水
我只取一瓢爱了解
只恋你化身的蝶
你发如雪 凄美了离别
我焚香感动了谁
邀明月 让回忆皎洁
爱在月光下完美
你发如雪 纷飞了眼泪
我等待苍老了谁
红尘醉 微醺的岁月
我用无悔
刻永世爱你的碑
你发如雪 凄美了离别
我焚香感动了谁
邀明月 让回忆皎洁
爱在月光下完美
你发如雪 纷飞了眼泪
我等待苍老了谁
红尘醉 微醺的岁月
狼牙月 伊人憔悴
我举杯 饮尽了风雪
是谁打翻前世柜
惹尘埃是非
缘字诀 几番轮回
你锁眉 哭红颜唤不回
纵然青史已经成灰
我爱不灭
繁华如三千东流水
我只取一瓢爱了解
只恋你化身的蝶
你发如雪 凄美了离别
我焚香感动了谁
邀明月 让回忆皎洁
爱在月光下完美
你发如雪 纷飞了眼泪
我等待苍老了谁
红尘醉 微醺的岁月
我用无悔
刻永世爱你的碑
你发如雪 凄美了离别
我焚香感动了谁
邀明月 让回忆皎洁
爱在月光下完美
你发如雪 纷飞了眼泪
我等待苍老了谁
红尘醉 微醺的岁月
你发如雪 凄美了离别
我焚香感动了谁
邀明月 让回忆皎洁
爱在月光下完美
你发如雪 纷飞了眼泪
我等待苍老了谁
红尘醉 微醺的岁月
我用无悔
刻永世爱你的碑
啦儿啦啦儿啦啦儿啦儿啦
啦儿啦啦儿啦啦儿啦儿啦
铜镜映无邪扎马尾
你若撒野
今生我把酒奉陪
啦儿啦啦儿啦啦儿啦儿啦
啦儿啦啦儿啦啦儿啦儿啦
铜镜映无邪扎马尾
你若撒野
今生我把酒奉陪"
<built-in function id>,周杰伦,十一月的萧邦,蓝色风暴,"作曲 : 周杰伦
 作词 : 方文山
亘古长夜 善恶交接
我终于懂得流眼泪
洪荒世界 百分之七十都是水
湛蓝的 旷野
在海平面渴望满月
于是我终于学会告解
弥赛亚被世人误解
被分类 爱恨 从此敌对
远离风暴浩劫
在第三章第四节
我正在改写这世界
用观念进行侵略
我们占领整条街
粉刷海洋蓝的季节
一列 超高速的地铁
一路 训练我的听觉
消灭 那些 太琐碎 太异类
让问题尖锐 Oh ~
一双 狂奔中的球鞋
 一路 强壮着我的肺
面对 这些 太威胁 太强烈
从来不喊累

九星联结 排成一列
在感动中我们忏悔
生命珍贵 我用那十四行诗赞美
年轻的 一切
我们在地平线感谢
爱停止向另一边倾斜
这首部曲的管弦乐
太凄美 终于 被人了解
远离风暴浩劫
耍狠不是靠对嘴
我就是传说中的谁
你跟我们很对味
有同一挂的感觉
其它人我根本不屑
一列 超高速的地铁
一路 训练我的听觉
消灭 那些 太琐碎 太异类
让问题尖锐 Oh ~
一双 狂奔中的球鞋
 一路 强壮着我的肺
面对 这些 太威胁 太强烈
从来不喊累

一列 超高速的地铁
一路 训练我的听觉
消灭 那些 太琐碎 太异类
让问题尖锐 Oh ~
一双 狂奔中的球鞋
 一路 强壮着我的肺
面对 这些 太威胁 太强烈
从来不喊累
一列 超高速的地铁
一路 训练我的听觉
消灭 那些 太琐碎 太异类
让问题尖锐 Oh ~
一双 狂奔中的球鞋
 一路 强壮着我的肺
面对 这些 太威胁 太强烈
从来不喊累"
<built-in function id>,周杰伦,十一月的萧邦,夜曲,"作曲 : 周杰伦
 作词 : 方文山
编曲：林迈可
制作人：周杰伦
合声编写：周杰伦 合声：周杰伦
录音工程：杨瑞代
录音室：ALFA STUDIO
混音工程：林迈可
混音录音室：VIP STUDIO
一群嗜血的蚂蚁 被腐肉所吸引
我面无表情 看孤独的风景
失去你 爱恨开始分明
失去你 还有什么事好关心
当鸽子不再象征和平
我终于被提醒
广场上喂食的是秃鹰
我用漂亮的押韵
形容被掠夺一空的爱情
啊 乌云开始遮蔽 夜色不干净
公园里 葬礼的回音 在漫天飞行
送你的 白色玫瑰
在纯黑的环境凋零
乌鸦在树枝上诡异的很安静
静静听 我黑色的大衣
想温暖你 日渐冰冷的回忆
走过的 走过的 生命
啊 四周弥漫雾气
我在空旷的墓地
老去后还爱你
为你弹奏萧邦的夜曲
纪念我死去的爱情
跟夜风一样的声音
心碎的很好听
手在键盘敲很轻
我给的思念很小心
你埋葬的地方叫幽冥
为你弹奏萧邦的夜曲
纪念我死去的爱情
而我为你隐姓埋名
在月光下弹琴
对你心跳的感应
还是如此温热亲近
怀念你那鲜红的唇印
那些断翅的蜻蜓 散落在这森林
而我的眼睛 没有丝毫同情
失去你 泪水混浊不清
失去你 我连笑容都有阴影
风在长满青苔的屋顶
嘲笑我的伤心
像一口没有水的枯井
我用凄美的字型
描绘后悔莫及的那爱情
为你弹奏萧邦的夜曲
纪念我死去的爱情
跟夜风一样的声音
心碎的很好听
手在键盘敲很轻
我给的思念很小心
你埋葬的地方叫幽冥
为你弹奏萧邦的夜曲
纪念我死去的爱情
而我为你隐姓埋名 在月光下弹琴
对你心跳的感应 还是如此温热亲近
怀念你那鲜红的唇印
一群嗜血的蚂蚁 被腐肉所吸引
我面无表情 看孤独的风景
失去你 爱恨开始分明
失去你 还有什么事好关心
当鸽子不再象征和平
我终于被提醒
广场上喂食的是秃鹰
我用漂亮的押韵
形容被掠夺一空的爱情"
<built-in function id>,周杰伦,Initial J,飘移,"作曲 : 周杰伦
 作词 : 方文山
""放在车里面""
""一滴都别滴出来啊""
""否则到时我打死你""

找支笔写下日记记录勇气
我可以对着墙壁让拳头叛逆
呼吸天窗玻璃打开我的身体
这里引擎声就像是一种乐器
所以风呼啸而过刺激
所以我在转弯飘移
加足了马力飘到底看仔细
零到一百公里谁敢与我为敌
我用第一人称在飘移青春
输跟赢的分寸计算的很精准
我踏上风火轮在飘移青春
故事中的我们在演自己的人生
胜败的对比是残酷的可以
运气 从来就不在我这里
实力没办法模拟飘移
人车一体飘移
笑看后视镜的自己
点火继续事关荣誉
我除了第一其他没有兴趣
得飘得飘得咿的飘
我安静的喝饮料轻松的笑
我用第一人称在飘移青春
输跟赢的分寸计算得很精准
我踏上风火轮在飘移青春
故事中的我们在演自己的人生
(得飘得飘得咿的飘)
(得飘得飘得咿的飘)
我绕过山腰雨声敲敲
(我绕过山腰雨声敲敲)
得飘得飘得咿的飘
(得飘得飘得咿的飘)
再开进隧道风声潇潇
(再开进隧道风声潇潇)
我用第一人称在飘移青春
输跟赢的分寸计算得很精准
我踏上风火轮在飘移青春
故事中的我们在演自己的人生"
<built-in function id>,周杰伦,Initial J,七里香,"窗外的麻雀 在电线杆上多嘴
说这一句 很有夏天的感觉
手中的铅笔 在纸上来来回回
我用几行字形容是我的谁

秋刀鱼 的滋味 猫跟都想了解
初恋的香味就这样被我们寻回
那温暖 的阳光 像刚摘的鲜艳草莓
你说舍不得吃掉这一种感觉

雨下整夜 我的爱溢出就像雨水
院子落叶 跟我的思念厚厚一叠
几句是非 也无法将我的热情冷却
出现在我诗的每一页

雨下整夜 我的爱溢出就像雨水
窗台蝴蝶 像诗里纷飞的美丽章节
我接着写 把永远爱写进诗的结尾
是我唯一想要的了解

雨下整夜 我的爱溢出就像雨水
院子落叶 跟我的思念厚厚一叠
几句是非 也无法将我的热情冷却
出现在我诗的每一页

那饱满 的稻穗 幸福了这个季节
而的脸颊像田里熟透的蕃茄
突然 对我说 七里香的名字很美
我此刻却只想亲吻倔强的嘴

雨下整夜 我的爱溢出就像雨水
院子落叶 跟我的思念厚厚一叠
几句是非 也无法将我的热情冷却
出现在我诗的每一页

整夜
我的爱溢出就像雨水
窗台蝴蝶 像诗里纷飞的美丽章节
我接着写 把永远爱写进诗的结尾
是我唯一想要的了解"
<built-in function id>,周杰伦,Initial J,双刀,"2005年8月
透过镜头重新剪接历史给人的想像
八厘米纪录片的桥段隔着距离欣赏
正邪对立的两方我握紧拳头开始习惯
以牙还牙的手段

风
盘旋烟雾弥漫
我虔诚点的香
在祈祷着平安

从天台向下俯瞰暴力在原地打转
上一代解决的答案是微笑不抵抗
被雨淋湿的唐装那股叹息很东方
我看不惯尊严受伤家族如此不堪

风
缓缓绕过武馆
正上方的月亮
那颜色中国黄
透过透过镜头重新剪接历史给人的想像
八厘米纪录片的桥段在播放
隔着距离欣赏正邪对立的两方
我握紧拳头开始习惯
那以牙还牙的的手段
恐惧来自退让

从天台向下俯瞰暴力在原地打转
上一代解决的答案是微笑不抵抗
被雨淋湿的唐装那股叹息很东方
我看不惯尊严受伤家族如此不堪

从天台向下俯瞰暴力在原地打转
上一代解决的答案是微笑不抵抗
被雨淋湿的唐装那股叹息很东方
我看不惯尊严受伤家族如此不堪
双刀的正前方
我杀气不转弯
背对我的力量
它自己却受伤
双刀的右下方
我挥刀去了断
将恩怨全看穿
丹凤眼的目光
双刀的正前方
我杀气不转弯
背对我的力量
它自己却受伤
双刀的右下方
我挥刀去了断
将恩怨全看穿
丹凤眼的目光"
<built-in function id>,周杰伦,Initial J,东风破,"一盏离愁孤灯伫立在窗口
 我在门后假装你人还没走
 旧地如重游月圆更寂寞
 夜半清醒的烛火不忍苛责我
 一壶漂泊浪迹天涯难入喉
 你走之后酒暖回忆思念瘦
 水向东流时间怎么偷
 花开就一次成熟我却错过

 谁在用琵琶弹奏一曲东风破
 岁月在墙上剥落看见小时候
 犹记得那年我们都还很年幼
 而如今琴声幽幽我的等候你没听过
 谁在用琵琶弹奏一曲东风破
 枫叶将故事染色结局我看透
 篱笆外的古道我牵着你走过
 荒烟漫草的年头就连分手都很沉默
 一壶漂泊浪迹天涯难入喉
 你走之后酒暖回忆思念瘦
 水向东流时间怎么偷
 花开就一次成熟我却错过

 谁在用琵琶弹奏一曲东风破
 岁月在墙上剥落看见小时候
 犹记得那年我们都还很年幼
 而如今琴声幽幽我的等候你没听过
 谁在用琵琶弹奏一曲东风破
 枫叶将故事染色结局我看透
 篱笆外的古道我牵着你走过
 荒烟漫草的年头就连分手都
 谁在用琵琶弹奏一曲东风破
 岁月在墙上剥落看见小时候
 犹记得那年我们都还很年幼
 而如今琴声幽幽我的等候你没听过
 谁在用琵琶弹奏一曲东风破
 枫叶将故事染色结局我看透
 篱笆外的古道我牵着你走过
 荒烟漫草的年头就连分手都很沉默"
<built-in function id>,周杰伦,Initial J,以父之名,"作曲 : 周杰伦
 作词 : 黄俊郎

Ave maria grazia ricevuta per la mia famiglia
Con risentito con un'amorevole divino amen
Grazie chiedo a te o signore divino
In questo giorno di grazia prego per te
Ave maria piena di grazia
Il signore e con te
Sia fatta la tua volonta
Cosìin cielo e cosìin terra neil nome
Del padre del figliolo e dello spirito santo amen

微凉的晨露 沾湿黑礼服
石板路有雾 父在低诉
无奈的觉悟 只能更残酷
一切都为了 通往圣堂的路
吹不散的雾 隐没了意图
谁轻柔踱步 停住
还来不及哭穿过的子弹
就带走温度

我们每个人都有罪
犯着不同的罪
我能决定谁对
谁又该要沉睡
争论不能解决
在永无止境的夜
关掉你的嘴
唯一的恩惠
挡在前面的人都有罪
后悔也无路可退
以父之名判决
那感觉没有适合字汇
就像边笑边掉泪
凝视着完全的黑
阻挡悲剧蔓延的悲剧
会让我沉醉
低头亲吻我的左手
换取被宽恕的承诺
老旧管风琴在角落
一直一直一直伴奏
黑色帘幕被风吹动
阳光无言地穿透
洒向那群被我驯服后的兽
沉默地喊叫沉默地喊叫
孤单开始发酵
不停对着我嘲笑
回忆逐渐延烧
曾经纯真的画面
残忍地温柔出现
脆弱时间到
我们一起来祷告
仁慈的父我已坠入
看不见罪的国度
请原谅我的自负
Ah ya ya check it check it ah ya
没人能说没人可说
好难承受
荣耀的背后刻着一道孤独
Ah ya ya check it check it ah ya
闭上双眼我又看见
当年那梦的画面
天空是蒙蒙的雾
Ah ya ya check it check it ah ya
父亲牵着我的双手
轻轻走过
清晨那安安静静的石板路
Ah ya ya check it check it ah ya

Pie Jesu
Qui tollis peccata
Dona eis requiem

低头亲吻我的左手
换取被宽恕的承诺
老旧管风琴在角落
一直一直一直伴奏
黑色帘幕被风吹动
阳光无言地穿透
洒向那群被我驯服后的兽
沉默地喊叫沉默地喊叫
孤单开始发酵
不停对着我嘲笑
回忆逐渐延烧
曾经纯真的画面
残忍地温柔出现
脆弱时间到
我们一起来祷告
仁慈的父我已坠入
看不见罪的国度
请原谅我的自负
Ah ya ya check it check it ah ya
没人能说没人可说
好难承受
荣耀的背后刻着一道孤独
Ah ya ya check it check it ah ya
仁慈的父 我已坠入
看不见罪的国度
请原谅我(请原谅我)
我的自负(我的自负)
刻着一道孤独

仁慈的父我已坠入
看不见罪的国度
请原谅我的自负
Ah ya ya check it check it ah ya
没人能说没人可说
好难承受
荣耀的背后刻着一道孤独
Ah ya ya check it check it ah ya
闭上双眼我又(那斑驳的家徽 我擦拭了一夜)
看见当年那梦的画面(孤独的光辉 我才懂的感觉)
天空是蒙蒙的雾(烛光不不停的摇晃)
猫头鹰在窗棂上
对着远方眺望
父亲牵着我的双手(通向大厅的长廊)
轻轻走过(一样说不出的沧桑)
清晨那安安静静的石板路(没有喧嚣 只有宁静围绕)
我慢慢睡着天刚刚破晓"
<built-in function id>,周杰伦,Initial J,忍者,"忍者 - 周杰伦
词：方文山
曲：周杰伦
编曲：林迈可

居酒屋里的小神龛
离铺满鹅卵石的玄关
差不多一米宽的信仰
我坐着喝味噌汤
在旁观看 庭园假山
京都的夜晚
有一种榻榻米的稻香叫做禅
那里 神社许愿
闪过一个画面
这里 忍者蒙着脸
在角落吹暗箭
心里 幕府又重现
从前老东京那条山手线
像一出怀旧的默片
呵 呵 嘿

伊贺流忍者的想法
嘿 只会用武士刀比划 嘿
我一个人在家
乖乖的学插花
はい はい はい わかりました
いち に さん し 樱花落满地
有一种神秘 凝结了空气
いち に さん し 黑夜里偷袭
去攻击 烟雾当武器
いち に さん し 忍者的物语
要切断过去 忠心是唯一
いち に さん し 隐身要彻底
要忘记 什么是自己

居酒屋里的小神龛
离铺满鹅卵石的玄关
差不多一米宽的信仰
我坐着喝味噌汤
在旁观看 庭园假山
京都的夜晚
有一种榻榻米的稻香叫做禅
那里 神社许愿
闪过一个画面
这里 忍者蒙着脸
在角落吹暗箭
心里 幕府又重现
从前老东京那条山手线
像一出怀旧的默片
呵 呵 嘿

伊贺流忍者的想法
嘿 只会用武士刀比划 嘿
我一个人在家
乖乖的学插花
はい はい はい わかりました
いち に さん し 樱花落满地
有一种神秘 凝结了空气
いち に さん し 黑夜里偷袭
去攻击 烟雾当武器
いち に さん し 忍者的物语
要切断过去 忠心是唯一
いち に さん し 隐身要彻底
要忘记 什么是自己
いち に さん し 樱花落满地
有一种神秘 凝结了空气
いち に さん し 黑夜里偷袭
去攻击 烟雾当武器
いち に さん し 忍者的物语
いち に さん し 要切断过去
いち に さん し 忠心是唯一
いち に さん し"
<built-in function id>,周杰伦,Initial J,黑色幽默,"周杰伦 - Initial J(日本版)
2005年08月
难过 是因为闷了很久
是因为想了太多
是心理起了作用
你说 苦笑常常陪着你
在一起有点勉强
该不该现在休了我
不想太多
我想一定是我听错弄错搞错
拜托 我想是你的脑袋有问题
随便说说
其实我早已经猜透看透不想多说
只是我怕眼泪撑不住
不懂 你的黑色幽默
想通 却又再考倒我
说散 你想很久了吧
我不想拆穿你
当作 是你开的玩笑
想通 却又再考倒我
说散 你想很久了吧
败给你的黑色幽默

我的认真败给黑色幽默"
